Unnamed: 0,CG_RMSD,RMSD,MCQ,TM-score
normalized_3drna_rp34_1.pdb,1.0551529820224723,17.103,46.42,0.249
normalized_alphafold3_rp34_5.pdb,1.3650756474285275,11.268,45.91,0.283
normalized_simrna_rp34.pdb,2.2110853369879315,53.554,59.98,0.085
normalized_3drna_rp34_5.pdb,1.58802296719869,21.296,49.52,0.211
normalized_trrosettarna_rp34_1.pdb,1.434199555411685,16.875,51.05,0.256
normalized_trrosettarna_rp34_3.pdb,1.467473414177891,15.962,65.68,0.129
normalized_eprna_rp34.pdb,0.9586958786267844,21.44,94.83,0.119
normalized_trrosettarna_rp34_2.pdb,1.4712037090237364,17.496,49.79,0.262
normalized_alphafold3_rp34_4.pdb,1.040677739099907,11.971,45.71,0.293
normalized_alphafold3_rp34_1.pdb,1.3469420018374665,12.267,45.48,0.297
normalized_rnajp_rp34.pdb,0.9414526707462904,20.653,46.85,0.261
normalized_rnacomposer_rp34.pdb,1.0644682374064296,14.083,45.97,0.241
normalized_3drna_rp34_3.pdb,1.0305927785714988,13.89,46.02,0.276
normalized_3drna_rp34_4.pdb,1.0574743523450598,19.816,50.38,0.216
normalized_vfoldpipeline_rp34.pdb,15.429259990435572,15.651,43.84,0.23
normalized_alphafold3_rp34_2.pdb,1.339662251218041,13.004,45.81,0.276
normalized_vfold_rp34.pdb,24.318608732770254,21.872,48.01,0.228
normalized_trrosettarna_rp34_5.pdb,1.5199392148338715,16.464,67.22,0.123
normalized_3drna_rp34_2.pdb,2.085599476593418,18.479,52.66,0.241
normalized_trrosettarna_rp34_4.pdb,1.4987467661984888,15.761,66.2,0.135
normalized_alphafold3_rp34_3.pdb,1.0537468614715135,13.615,45.58,0.289
normalized_isrna_rp34.pdb,15.6853671426427,12.956,43.6,0.25
normalized_rhofold_rp34.pdb,3.435316847048336e-08,0.0,,1.0
